{
    "Q-CAST": {
        "throughput": [
            50,
            46,
            40,
            44,
            53,
            45,
            49,
            45,
            46,
            48
        ],
        "success_rate": [
            1.2953367875647668,
            0.5333333333333333,
            0.5958587814687919,
            0.7642869550112906,
            1.1018711018711018,
            0.46977763858440336,
            1.684427638363699,
            2.3029682702149437,
            4.6,
            0.6255701811546983
        ],
        "path_reliability": [
            0.12566376670836793,
            0.12648423057880454,
            0.12402632951709233,
            0.12131039221065257,
            0.1276516874770562,
            0.12283739881059827,
            0.13155846484465497,
            0.1384600616316251,
            0.1605293864275715,
            0.12466052866460571
        ],
        "recovery_success": [
            0.0,
            0.0,
            0.0,
            0.0,
            0.0,
            0.23828435266084197,
            0.08880994671403197,
            0.28873917228103946,
            0.0,
            0.0
        ],
        "waiting_times": [
            972.7776803970337,
            1067.8281288146973,
            1078.3001539707184,
            1057.6623330116272,
            994.4477980136871,
            1107.7433726787567,
            902.7757136821747,
            800.6736841201782,
            514.8143393993378,
            1078.7244720458984
        ]
    },
    "Q-CAST-PIPELINE": {
        "throughput": [
            51,
            45,
            39,
            42,
            49,
            35,
            46,
            46,
            37,
            42
        ],
        "success_rate": [
            0.5887785730778111,
            0.9324492333195192,
            0.5788926822027609,
            2.1395822720326034,
            1.6775077028414926,
            0.4547226192022866,
            1.18801652892562,
            0.4786182499219644,
            3.6999999999999997,
            0.7265179034769071
        ],
        "path_reliability": [
            0.12290345955091014,
            0.12093497545589581,
            0.11830096413764972,
            0.12662378589010195,
            0.1259691015988309,
            0.11701452360686775,
            0.1258617965995496,
            0.12055621227265395,
            0.1611804732115645,
            0.12158657854279893
        ],
        "recovery_success": [
            0.08196721311475409,
            0.0,
            0.0,
            0.09587727708533077,
            0.08904719501335707,
            0.08084074373484236,
            0.2568493150684931,
            0.0,
            0.0,
            0.08237232289950577
        ],
        "waiting_times": [
            1138.1046113967896,
            1016.4824447631836,
            1081.5920476913452,
            778.7476189136505,
            920.6004455089569,
            1124.7803690433502,
            967.0156569480896,
            1123.7745296955109,
            528.6859335899353,
            1042.401395559311
        ]
    }
}